station,in_gcm,mod_param,arm_is_era5,soil_depth_mm,ms,sand_pct,clay_pct,org_pct,hc_m,zatm_m,zr95_mm,sl_h,ase,kbot,lma_g_m2,kbot_free,forcing_mat,mat_Zbas,zbas_src,zr95_fetched_mm,zr95_capped,zr95_cap_basis,tower_used,tower_used_annual,tower_used_monthly,tower_n_ET_annual,tower_n_GPP_annual,tower_n_H_annual,tower_n_QE_annual,tower_n_ET_monthly,tower_n_GPP_monthly,tower_n_H_monthly,tower_n_QE_monthly
US-Bar,True,/vol_efthymios/NFS07/dd1136/T_and_C/model_run/US-Bar/era5_land/fixed_lma/MOD_PARAM_US_Bar.m,True,2000.0,17,80.68739999999998,2.0506,0.8171249999999998,19.0,24.5,1100.0,0.0264994,1.0,,75.4734069450629,True,Meteo_US_Bar_1985_2020.mat,272.0,badm_values,1100.0,False,fetched vs column,True,True,True,15.0,15.0,16.0,15.0,199.0,199.0,203.0,199.0
US-Blk,True,/vol_efthymios/NFS07/dd1136/T_and_C/model_run/US-Blk/era5_land/fixed_lma/MOD_PARAM_US_Blk.m,True,1730.0,16,26.184971098265898,26.88439306358382,0.8540462427745665,10.0,24.0,900.0,0.0170818,0.0,0.01,117.08367970588579,False,Meteo_US_Blk_1985_2020.mat,1718.0,badm_values,900.0,False,fetched vs column,False,False,False,,,,,,,,
US-CPF,True,/vol_efthymios/NFS07/dd1136/T_and_C/model_run/US-CPF/era5_land/fixed_lma/MOD_PARAM_US_CPF.m,True,1570.0,16,79.07006369426752,6.401273885350318,0.2229299363057325,14.0,4.3,1100.0,0.0157918,0.0,,126.6480071936068,True,Meteo_US_CPF_1985_2020.mat,3100.0,badm_values,1100.0,False,fetched vs column,False,False,False,,,,,,,,
US-CPk,False,/vol_efthymios/NFS07/dd1136/T_and_C/model_run/US-CPk/era5_land/fixed_lma/MOD_PARAM_US_CPk.m,True,530.0,10,68.0,12.000000000000002,0.7216981132075472,10.0,22.0,530.0,0.0135376,0.0,0.01,147.73667415199148,False,Meteo_US_CPk_1985_2020.mat,2750.0,badm_values,1000.0,True,fetched vs column,False,False,False,,,,,,,,
US-CRK,True,/vol_efthymios/NFS07/dd1136/T_and_C/model_run/US-CRK/era5_land/fixed_lma/MOD_PARAM_US_CRK.m,True,2030.0,18,31.149261083743845,36.896551724137936,0.5844827586206895,18.0,44.0,1500.0,0.0138897,0.0,,143.99159089109196,True,Meteo_US_CRK_1985_2020.mat,151.0,badm_values,1500.0,False,fetched vs column,False,False,False,,,,,,,,
US-CS2,False,/vol_efthymios/NFS07/dd1136/T_and_C/model_run/US-CS2/era5_land/fixed_lma/MOD_PARAM_US_CS2.m,True,2000.0,17,85.05,3.5000000000000004,0.4875,17.0,31.0,1000.0,0.0169261,0.0,,118.16071038219083,True,Meteo_US_CS2_1985_2020.mat,328.0,badm_values,1000.0,False,fetched vs column,True,False,True,1.0,1.0,1.0,1.0,25.0,25.0,25.0,25.0
US-CZ2,False,/vol_efthymios/NFS07/dd1136/T_and_C/model_run/US-CZ2/era5_land/fixed_lma/MOD_PARAM_US_CZ2.m,True,1680.0,16,57.54285714285714,27.053571428571427,0.96875,10.0,22.0,1680.0,0.015014,0.0,0.01,133.20900492873318,False,Meteo_US_CZ2_1985_2020.mat,1160.0,badm_values,2500.0,True,fetched vs column,False,False,False,,,,,,,,
US-CZ3,True,/vol_efthymios/NFS07/dd1136/T_and_C/model_run/US-CZ3/era5_land/fixed_lma/MOD_PARAM_US_CZ3.m,True,970.0,13,70.28865979381442,9.70103092783505,1.2654639175257731,18.0,30.0,970.0,0.0136345,0.0,0.01,146.68671385089294,False,Meteo_US_CZ3_1985_2020.mat,2015.0,badm_values,2500.0,True,fetched vs column,False,False,False,,,,,,,,
US-CZ4,True,/vol_efthymios/NFS07/dd1136/T_and_C/model_run/US-CZ4/era5_land/fixed_lma/MOD_PARAM_US_CZ4.m,True,1700.0,16,84.34705882352942,3.3529411764705883,0.8161764705882353,15.0,27.0,1700.0,0.0123093,0.0,,162.47877620985759,True,Meteo_US_CZ4_1985_2020.mat,2710.0,badm_values,1700.0,False,fetched vs column,False,False,False,,,,,,,,
US-ChR,True,/vol_efthymios/NFS07/dd1136/T_and_C/model_run/US-ChR/era5_land/fixed_lma/MOD_PARAM_US_ChR.m,True,1780.0,17,18.011235955056183,51.17977528089887,0.3202247191011236,26.0,43.0,1200.0,0.0187718,1.0,,106.54279291277341,True,Meteo_US_ChR_1985_2020.mat,286.0,badm_values,1200.0,False,fetched vs column,True,True,True,12.0,12.0,13.0,12.0,159.0,150.0,167.0,159.0
US-Cst,True,/vol_efthymios/NFS07/dd1136/T_and_C/model_run/US-Cst/era5_land/fixed_lma/MOD_PARAM_US_Cst.m,True,1830.0,17,9.49289617486339,22.2896174863388,0.7609289617486338,21.0,37.0,1300.0,0.0158868,0.0,,125.8906765364957,True,Meteo_US_Cst_1985_2020.mat,50.0,badm_values,1300.0,False,fetched vs column,True,False,True,2.0,2.0,2.0,2.0,54.0,54.0,54.0,54.0
US-Cwt,True,/vol_efthymios/NFS07/dd1136/T_and_C/model_run/US-Cwt/era5_land/fixed_lma/MOD_PARAM_US_Cwt.m,True,2030.0,18,62.67980295566503,17.23645320197044,0.5620689655172415,29.0,43.5,1100.0,0.0238533,1.0,,83.84584103666998,True,Meteo_US_Cwt_1985_2020.mat,690.0,badm_values,1100.0,False,fetched vs column,True,True,True,9.0,,9.0,9.0,117.0,,117.0,117.0
US-Dk2,True,/vol_efthymios/NFS07/dd1136/T_and_C/model_run/US-Dk2/era5_land/fixed_lma/MOD_PARAM_US_Dk2.m,True,2030.0,18,34.864532019704434,30.233990147783253,0.32389162561576357,25.0,39.8,1200.0,0.0235725,1.0,0.01,84.84462827447237,False,Meteo_US_Dk2_1985_2020.mat,168.0,badm_values,1200.0,False,fetched vs column,True,True,True,7.0,7.0,7.0,7.0,92.0,92.0,92.0,92.0
US-Dk3,True,/vol_efthymios/NFS07/dd1136/T_and_C/model_run/US-Dk3/era5_land/fixed_lma/MOD_PARAM_US_Dk3.m,True,2030.0,18,40.227586206896554,27.92857142857143,0.311576354679803,19.0,20.2,1200.0,0.0208569,0.0,,95.89152750408738,True,Meteo_US_Dk3_1985_2020.mat,163.0,badm_values,1200.0,False,fetched vs column,True,True,True,6.0,6.0,6.0,6.0,92.0,92.0,92.0,92.0
US-Fmf,True,/vol_efthymios/NFS07/dd1136/T_and_C/model_run/US-Fmf/era5_land/fixed_lma/MOD_PARAM_US_Fmf.m,True,1700.0,16,31.96823529411764,36.45882352941176,0.4705882352941176,18.0,23.0,1700.0,0.0174727,0.0,,114.4642785602683,True,Meteo_US_Fmf_1985_2020.mat,2160.0,badm_values,1700.0,False,fetched vs column,True,True,True,5.0,5.0,5.0,5.0,65.0,65.0,65.0,65.0
US-Fuf,True,/vol_efthymios/NFS07/dd1136/T_and_C/model_run/US-Fuf/era5_land/fixed_lma/MOD_PARAM_US_Fuf.m,True,1700.0,16,31.96823529411764,36.45882352941176,0.4705882352941176,18.0,23.0,1700.0,0.0176457,0.0,,113.34206067200508,True,Meteo_US_Fuf_1985_2020.mat,2180.0,badm_values,1700.0,False,fetched vs column,True,True,True,4.0,4.0,4.0,4.0,62.0,62.0,62.0,62.0
US-GBT,True,/vol_efthymios/NFS07/dd1136/T_and_C/model_run/US-GBT/era5_land/fixed_lma/MOD_PARAM_US_GBT.m,True,740.0,12,56.351351351351354,14.405405405405405,0.902027027027027,27.7,30.2,740.0,0.0174378,0.0,0.01,114.69336728257005,False,Meteo_US_GBT_1985_2020.mat,3191.0,badm_values,1000.0,True,fetched vs column,False,False,False,,,,,,,,
US-GLE,True,/vol_efthymios/NFS07/dd1136/T_and_C/model_run/US-GLE/era5_land/fixed_lma/MOD_PARAM_US_GLE.m,True,740.0,12,56.351351351351354,14.405405405405405,0.902027027027027,27.7,30.2,740.0,0.0174378,0.0,0.01,114.69336728257005,False,Meteo_US_GLE_1985_2020.mat,3197.0,badm_values,1000.0,True,fetched vs column,True,True,True,15.0,14.0,15.0,15.0,189.0,186.0,189.0,189.0
US-HBK,True,/vol_efthymios/NFS07/dd1136/T_and_C/model_run/US-HBK/era5_land/fixed_lma/MOD_PARAM_US_HBK.m,True,2000.0,17,75.30755,2.41985,0.9230750000000001,22.0,30.0,1000.0,0.025225,1.0,,79.28642220019822,True,Meteo_US_HBK_1985_2020.mat,367.0,badm_values,1000.0,False,fetched vs column,True,False,True,2.0,2.0,2.0,2.0,48.0,48.0,48.0,48.0
US-Ha1,True,/vol_efthymios/NFS07/dd1136/T_and_C/model_run/US-Ha1/era5_land/fixed_lma/MOD_PARAM_US_Ha1.m,True,1600.0,16,70.40625,3.0,1.7187500000000002,25.4,29.0,1100.0,0.02324,1.0,,86.05851979345955,True,Meteo_US_Ha1_1985_2020.mat,340.0,badm_values,1100.0,False,fetched vs column,True,True,True,26.0,29.0,29.0,26.0,340.0,350.0,350.0,340.0
US-Ha2,True,/vol_efthymios/NFS07/dd1136/T_and_C/model_run/US-Ha2/era5_land/fixed_lma/MOD_PARAM_US_Ha2.m,True,1650.0,16,63.5,7.5,2.8181818181818183,21.0,35.0,1100.0,0.0194981,0.0,,102.57409696329385,True,Meteo_US_Ha2_1985_2020.mat,360.0,badm_values,1100.0,False,fetched vs column,False,False,False,,,,,,,,
US-Ho1,True,/vol_efthymios/NFS07/dd1136/T_and_C/model_run/US-Ho1/era5_land/fixed_lma/MOD_PARAM_US_Ho1.m,True,1570.0,16,40.490445859872615,7.031847133757962,1.5971337579617835,20.0,31.0,900.0,0.0227156,0.0,,88.04522002500485,True,Meteo_US_Ho1_1985_2020.mat,60.0,badm_values,900.0,False,fetched vs column,False,False,False,,,,,,,,
US-Ho2,True,/vol_efthymios/NFS07/dd1136/T_and_C/model_run/US-Ho2/era5_land/fixed_lma/MOD_PARAM_US_Ho2.m,True,1570.0,16,33.12738853503185,16.713375796178344,0.7796178343949045,20.0,28.3,900.0,0.0227156,0.0,,88.04522002500485,True,Meteo_US_Ho2_1985_2020.mat,61.0,badm_values,900.0,False,fetched vs column,True,True,True,20.0,,20.0,20.0,257.0,,257.0,257.0
US-Ho3,True,/vol_efthymios/NFS07/dd1136/T_and_C/model_run/US-Ho3/era5_land/fixed_lma/MOD_PARAM_US_Ho3.m,True,1570.0,16,40.490445859872615,7.031847133757962,1.5971337579617835,18.0,29.6,900.0,0.0227156,0.0,,88.04522002500485,True,Meteo_US_Ho3_1985_2020.mat,61.0,badm_values,900.0,False,fetched vs column,True,True,True,9.0,,11.0,9.0,188.0,,195.0,188.0
US-LPH,True,/vol_efthymios/NFS07/dd1136/T_and_C/model_run/US-LPH/era5_land/fixed_lma/MOD_PARAM_US_LPH.m,True,1600.0,16,62.0,2.0,1.4,16.5,28.5,1100.0,0.0234231,1.0,,85.38579436539143,True,Meteo_US_LPH_1985_2020.mat,377.5,badm_values,1100.0,False,fetched vs column,False,False,False,,,,,,,,
US-MEF,True,/vol_efthymios/NFS07/dd1136/T_and_C/model_run/US-MEF/era5_land/fixed_lma/MOD_PARAM_US_MEF.m,True,1340.0,15,66.87462686567164,13.119402985074627,1.5000000000000002,12.0,28.75,1100.0,0.0124315,0.0,0.01,160.88163133974177,False,Meteo_US_MEF_1985_2020.mat,2367.0,badm_values,1100.0,False,fetched vs column,False,False,False,,,,,,,,
US-MMS,True,/vol_efthymios/NFS07/dd1136/T_and_C/model_run/US-MMS/era5_land/fixed_lma/MOD_PARAM_US_MMS.m,True,2030.0,18,6.054187192118227,39.21182266009852,0.4716748768472906,36.3,46.0,1100.0,0.0196461,1.0,,101.8013753365808,True,Meteo_US_MMS_1985_2020.mat,275.0,badm_values,1100.0,False,fetched vs column,True,True,True,22.0,22.0,22.0,22.0,264.0,264.0,264.0,264.0
US-MOz,True,/vol_efthymios/NFS07/dd1136/T_and_C/model_run/US-MOz/era5_land/fixed_lma/MOD_PARAM_US_MOz.m,True,1520.0,16,3.2960526315789473,34.60921052631579,0.6026315789473684,24.2,30.48,1200.0,0.0148516,1.0,,134.66562525249805,True,Meteo_US_MOz_1985_2020.mat,219.4,badm_values,1200.0,False,fetched vs column,True,True,True,15.0,15.0,15.0,15.0,196.0,194.0,196.0,196.0
US-MRf,True,/vol_efthymios/NFS07/dd1136/T_and_C/model_run/US-MRf/era5_land/fixed_lma/MOD_PARAM_US_MRf.m,True,1300.0,15,37.38461538461538,27.692307692307693,2.9615384615384617,33.0,38.3,1300.0,0.0148347,0.0,0.01,134.81903914470803,False,Meteo_US_MRf_1985_2020.mat,263.0,badm_values,1600.0,True,fetched vs column,False,False,False,,,,,,,,
US-Me1,True,/vol_efthymios/NFS07/dd1136/T_and_C/model_run/US-Me1/era5_land/fixed_lma/MOD_PARAM_US_Me1.m,True,610.0,11,43.75409836065573,22.62295081967213,1.2336065573770494,7.2,10.0,610.0,0.0134108,0.0,0.01,149.13353416649267,False,Meteo_US_Me1_1985_2020.mat,896.0,badm_values,1500.0,True,fetched vs column,True,False,True,,,,,13.0,12.0,13.0,13.0
US-Me2,True,/vol_efthymios/NFS07/dd1136/T_and_C/model_run/US-Me2/era5_land/fixed_lma/MOD_PARAM_US_Me2.m,True,910.0,13,47.01318681318681,20.604395604395602,1.8983516483516483,16.5,33.0,910.0,0.0131788,0.0,0.01,151.75888548274503,False,Meteo_US_Me2_1985_2020.mat,1253.0,badm_values,1500.0,True,fetched vs column,False,False,False,,,,,,,,
US-Me4,True,/vol_efthymios/NFS07/dd1136/T_and_C/model_run/US-Me4/era5_land/fixed_lma/MOD_PARAM_US_Me4.m,True,1600.0,16,38.625,23.125,1.1875,16.5,56.0,1500.0,0.0131788,0.0,,151.75888548274503,True,Meteo_US_Me4_1985_2020.mat,922.0,badm_values,1500.0,False,fetched vs column,False,False,False,,,,,,,,
US-Me6,True,/vol_efthymios/NFS07/dd1136/T_and_C/model_run/US-Me6/era5_land/fixed_lma/MOD_PARAM_US_Me6.m,True,1520.0,16,67.71710526315789,7.605263157894735,0.7203947368421052,6.51,14.2,1500.0,0.013731,0.0,,145.65581530842618,True,Meteo_US_Me6_1985_2020.mat,998.0,badm_values,1500.0,False,fetched vs column,True,True,True,8.0,8.0,8.0,8.0,129.0,126.0,129.0,129.0
US-Me7,True,/vol_efthymios/NFS07/dd1136/T_and_C/model_run/US-Me7/era5_land/fixed_lma/MOD_PARAM_US_Me7.m,True,910.0,13,47.01318681318681,20.604395604395602,1.8983516483516483,18.0,2.56,910.0,0.0131788,0.0,0.01,151.75888548274503,False,Meteo_US_Me7_1985_2020.mat,1253.0,badm_values,1500.0,True,fetched vs column,False,False,False,,,,,,,,
US-MtB,False,/vol_efthymios/NFS07/dd1136/T_and_C/model_run/US-MtB/era5_land/fixed_lma/MOD_PARAM_US_MtB.m,True,330.0,8,35.75757575757576,27.727272727272727,2.2575757575757573,19.0,31.0,330.0,0.0187855,0.0,0.01,106.46509275771207,False,Meteo_US_MtB_1985_2020.mat,2573.0,badm_values,1600.0,True,fetched vs column,True,True,True,9.0,7.0,9.0,9.0,128.0,110.0,128.0,128.0
US-NC2,True,/vol_efthymios/NFS07/dd1136/T_and_C/model_run/US-NC2/era5_land/fixed_lma/MOD_PARAM_US_NC2.m,True,1170.0,14,71.16239316239317,12.521367521367521,1.9102564102564106,14.0,27.0,1100.0,0.0271841,0.0,,73.572419171501,True,Meteo_US_NC2_1985_2020.mat,5.0,badm_values,1100.0,False,fetched vs column,True,True,True,14.0,14.0,14.0,14.0,185.0,185.0,185.0,185.0
US-NC3,True,/vol_efthymios/NFS07/dd1136/T_and_C/model_run/US-NC3/era5_land/fixed_lma/MOD_PARAM_US_NC3.m,True,1170.0,14,71.16239316239317,12.521367521367521,1.9102564102564106,21.0,9.0,1100.0,0.0271841,0.0,,73.572419171501,True,Meteo_US_NC3_1985_2020.mat,5.0,badm_values,1100.0,False,fetched vs column,True,True,True,6.0,6.0,6.0,6.0,87.0,89.0,91.0,87.0
US-NC5,True,/vol_efthymios/NFS07/dd1136/T_and_C/model_run/US-NC5/era5_land/fixed_lma/MOD_PARAM_US_NC5.m,True,1570.0,16,16.4968152866242,33.17834394904459,0.34554140127388533,20.0,33.0,1100.0,0.0209572,0.0,,95.43259595747524,True,Meteo_US_NC5_1985_2020.mat,122.0,badm_values,1100.0,False,fetched vs column,False,False,False,,,,,,,,
US-NR1,True,/vol_efthymios/NFS07/dd1136/T_and_C/model_run/US-NR1/era5_land/fixed_lma/MOD_PARAM_US_NR1.m,True,1520.0,16,67.07894736842105,5.421052631578948,0.4769736842105263,15.9,21.5,1100.0,0.0124789,0.0,,160.27053666589202,True,Meteo_US_NR1_1985_2020.mat,3050.0,badm_values,1100.0,False,fetched vs column,True,True,True,19.0,,22.0,19.0,257.0,,266.0,257.0
US-Oho,False,/vol_efthymios/NFS07/dd1136/T_and_C/model_run/US-Oho/era5_land/fixed_lma/MOD_PARAM_US_Oho.m,True,1880.0,17,92.2531914893617,6.446808510638298,0.7138297872340426,24.5,34.0,900.0,0.0245198,1.0,,81.56673382327752,True,Meteo_US_Oho_1985_2020.mat,230.0,badm_values,900.0,False,fetched vs column,True,True,True,10.0,10.0,10.0,10.0,120.0,120.0,120.0,120.0
US-PFL,True,/vol_efthymios/NFS07/dd1136/T_and_C/model_run/US-PFL/era5_land/fixed_lma/MOD_PARAM_US_PFL.m,True,1520.0,16,90.04328947368421,2.8547368421052632,0.5707236842105263,18.0,29.0,1100.0,0.0207653,1.0,,96.31452471189918,True,Meteo_US_PFL_1985_2020.mat,464.0,badm_values,1100.0,False,fetched vs column,True,False,True,,,,,3.0,3.0,3.0,3.0
US-PFb,True,/vol_efthymios/NFS07/dd1136/T_and_C/model_run/US-PFb/era5_land/fixed_lma/MOD_PARAM_US_PFb.m,True,1520.0,16,68.22368421052632,10.345394736842104,0.46381578947368424,15.0,33.0,1100.0,0.0198813,0.0,,100.59704345289292,True,Meteo_US_PFb_1985_2020.mat,474.0,badm_values,1100.0,False,fetched vs column,True,False,True,,,,,3.0,3.0,3.0,3.0
US-PFc,True,/vol_efthymios/NFS07/dd1136/T_and_C/model_run/US-PFc/era5_land/fixed_lma/MOD_PARAM_US_PFc.m,True,2030.0,18,71.75467980295566,4.060098522167488,0.3997536945812808,15.0,11.0,1100.0,0.0207653,1.0,,96.31452471189918,True,Meteo_US_PFc_1985_2020.mat,473.0,badm_values,1100.0,False,fetched vs column,True,False,True,,,,,3.0,3.0,3.0,3.0
US-PFg,True,/vol_efthymios/NFS07/dd1136/T_and_C/model_run/US-PFg/era5_land/fixed_lma/MOD_PARAM_US_PFg.m,True,2030.0,18,69.03940886699507,4.652709359605912,0.6440886699507389,17.0,33.0,1100.0,0.0198813,0.0,,100.59704345289292,True,Meteo_US_PFg_1985_2020.mat,475.0,badm_values,1100.0,False,fetched vs column,True,False,True,,,,,3.0,3.0,3.0,3.0
US-PFh,True,/vol_efthymios/NFS07/dd1136/T_and_C/model_run/US-PFh/era5_land/fixed_lma/MOD_PARAM_US_PFh.m,True,2030.0,18,94.50492610837439,2.8866995073891624,0.4285714285714285,15.0,33.0,1100.0,0.0198813,0.0,,100.59704345289292,True,Meteo_US_PFh_1985_2020.mat,463.0,badm_values,1100.0,False,fetched vs column,True,False,True,,,,,3.0,3.0,3.0,3.0
US-PFi,True,/vol_efthymios/NFS07/dd1136/T_and_C/model_run/US-PFi/era5_land/fixed_lma/MOD_PARAM_US_PFi.m,True,2030.0,18,71.75467980295566,4.060098522167488,0.3997536945812808,20.0,33.0,1100.0,0.0207653,1.0,,96.31452471189918,True,Meteo_US_PFi_1985_2020.mat,488.0,badm_values,1100.0,False,fetched vs column,True,False,True,,,,,3.0,3.0,3.0,3.0
US-PFj,True,/vol_efthymios/NFS07/dd1136/T_and_C/model_run/US-PFj/era5_land/fixed_lma/MOD_PARAM_US_PFj.m,True,2030.0,18,71.75467980295566,4.060098522167488,0.3997536945812808,15.0,33.0,1100.0,0.0207653,1.0,,96.31452471189918,True,Meteo_US_PFj_1985_2020.mat,484.0,badm_values,1100.0,False,fetched vs column,True,False,True,,,,,3.0,3.0,3.0,3.0
US-PFk,True,/vol_efthymios/NFS07/dd1136/T_and_C/model_run/US-PFk/era5_land/fixed_lma/MOD_PARAM_US_PFk.m,True,2030.0,18,71.75467980295566,4.060098522167488,0.3997536945812808,14.0,33.0,1100.0,0.0198594,1.0,,100.70797707886442,True,Meteo_US_PFk_1985_2020.mat,476.0,badm_values,1100.0,False,fetched vs column,True,False,True,,,,,3.0,3.0,3.0,3.0
US-PFm,True,/vol_efthymios/NFS07/dd1136/T_and_C/model_run/US-PFm/era5_land/fixed_lma/MOD_PARAM_US_PFm.m,True,2030.0,18,71.75467980295566,4.060098522167488,0.3997536945812808,17.0,32.0,1100.0,0.0192474,1.0,,103.91013851221463,True,Meteo_US_PFm_1985_2020.mat,484.0,badm_values,1100.0,False,fetched vs column,True,False,True,,,,,3.0,3.0,3.0,3.0
US-PFn,True,/vol_efthymios/NFS07/dd1136/T_and_C/model_run/US-PFn/era5_land/fixed_lma/MOD_PARAM_US_PFn.m,True,2030.0,18,71.75467980295566,4.060098522167488,0.3997536945812808,17.0,32.0,1100.0,0.0207653,1.0,,96.31452471189918,True,Meteo_US_PFn_1985_2020.mat,478.0,badm_values,1100.0,False,fetched vs column,True,False,True,,,,,3.0,3.0,3.0,3.0
US-PFp,True,/vol_efthymios/NFS07/dd1136/T_and_C/model_run/US-PFp/era5_land/fixed_lma/MOD_PARAM_US_PFp.m,True,1420.0,15,67.92253521126761,6.54225352112676,0.4084507042253521,18.0,33.0,1100.0,0.0192474,1.0,,103.91013851221463,True,Meteo_US_PFp_1985_2020.mat,497.0,badm_values,1100.0,False,fetched vs column,True,False,True,,,,,3.0,3.0,3.0,3.0
US-PFq,True,/vol_efthymios/NFS07/dd1136/T_and_C/model_run/US-PFq/era5_land/fixed_lma/MOD_PARAM_US_PFq.m,True,2030.0,18,81.29901477832512,10.421182266009852,0.2931034482758621,17.0,33.0,1100.0,0.0192474,1.0,,103.91013851221463,True,Meteo_US_PFq_1985_2020.mat,473.0,badm_values,1100.0,False,fetched vs column,True,False,True,,,,,3.0,3.0,3.0,3.0
US-PFs,True,/vol_efthymios/NFS07/dd1136/T_and_C/model_run/US-PFs/era5_land/fixed_lma/MOD_PARAM_US_PFs.m,True,1520.0,16,90.04328947368421,2.8547368421052632,0.5707236842105263,10.0,11.0,1100.0,0.0192474,1.0,,103.91013851221463,True,Meteo_US_PFs_1985_2020.mat,489.0,badm_values,1100.0,False,fetched vs column,False,False,False,,,,,,,,
US-PFt,True,/vol_efthymios/NFS07/dd1136/T_and_C/model_run/US-PFt/era5_land/fixed_lma/MOD_PARAM_US_PFt.m,True,1520.0,16,90.04328947368421,2.8547368421052632,0.5707236842105263,15.0,30.0,1100.0,0.0196818,0.0,,101.61672204778019,True,Meteo_US_PFt_1985_2020.mat,466.0,badm_values,1100.0,False,fetched vs column,True,False,True,,,,,3.0,3.0,3.0,3.0
US-SB1,True,/vol_efthymios/NFS07/dd1136/T_and_C/model_run/US-SB1/era5_land/fixed_lma/MOD_PARAM_US_SB1.m,True,1830.0,17,23.477049180327867,46.49726775956284,0.3046448087431694,19.0,33.0,1100.0,0.0205695,0.0,,97.23133766012785,True,Meteo_US_SB1_1985_2020.mat,242.0,badm_values,1100.0,False,fetched vs column,False,False,False,,,,,,,,
US-SHC,False,/vol_efthymios/NFS07/dd1136/T_and_C/model_run/US-SHC/era5_land/fixed_lma/MOD_PARAM_US_SHC.m,True,2300.0,18,47.597891304347826,20.029891304347828,0.6964999999999999,12.0,30.0,2300.0,0.0134426,0.0,,148.7807418207787,True,Meteo_US_SHC_1985_2020.mat,1934.0,badm_values,2300.0,False,fetched vs column,True,False,True,2.0,2.0,2.0,2.0,39.0,39.0,39.0,39.0
US-SP1,True,/vol_efthymios/NFS07/dd1136/T_and_C/model_run/US-SP1/era5_land/fixed_lma/MOD_PARAM_US_SP1.m,True,2130.0,18,75.0668544600939,14.727511737089202,0.6197183098591549,24.2,32.0,1600.0,0.0188828,0.0,,105.91649543499904,True,Meteo_US_SP1_1985_2020.mat,50.0,badm_values,1600.0,False,fetched vs column,True,True,True,18.0,16.0,18.0,18.0,234.0,229.0,234.0,234.0
US-SP2,True,/vol_efthymios/NFS07/dd1136/T_and_C/model_run/US-SP2/era5_land/fixed_lma/MOD_PARAM_US_SP2.m,True,2030.0,18,71.3904433497537,15.8788078817734,0.41403940886699503,10.1,30.0,1600.0,0.0165079,0.0,,121.15411409082925,True,Meteo_US_SP2_1985_2020.mat,50.0,badm_values,1600.0,False,fetched vs column,False,False,False,,,,,,,,
US-SP3,True,/vol_efthymios/NFS07/dd1136/T_and_C/model_run/US-SP3/era5_land/fixed_lma/MOD_PARAM_US_SP3.m,True,2130.0,18,84.69708920187794,8.818403755868545,0.19741784037558685,14.0,30.0,1600.0,0.0165079,0.0,,121.15411409082925,True,Meteo_US_SP3_1985_2020.mat,50.0,badm_values,1600.0,False,fetched vs column,False,False,False,,,,,,,,
US-SP4,True,/vol_efthymios/NFS07/dd1136/T_and_C/model_run/US-SP4/era5_land/fixed_lma/MOD_PARAM_US_SP4.m,True,2080.0,18,87.13442307692306,7.479798076923077,0.41730769230769227,17.0,30.0,1600.0,0.0165079,0.0,,121.15411409082925,True,Meteo_US_SP4_1985_2020.mat,47.0,badm_values,1600.0,False,fetched vs column,False,False,False,,,,,,,,
US-SSH,True,/vol_efthymios/NFS07/dd1136/T_and_C/model_run/US-SSH/era5_land/fixed_lma/MOD_PARAM_US_SSH.m,True,870.0,13,32.34482758620689,15.2183908045977,0.39896551724137924,22.0,30.0,870.0,0.0274389,1.0,0.01,72.88921932001648,False,Meteo_US_SSH_1985_2020.mat,310.0,badm_values,1000.0,True,fetched vs column,True,True,True,3.0,3.0,3.0,3.0,47.0,45.0,47.0,47.0
US-Slt,False,/vol_efthymios/NFS07/dd1136/T_and_C/model_run/US-Slt/era5_land/fixed_lma/MOD_PARAM_US_Slt.m,True,2030.0,18,86.8344827586207,5.620689655172414,0.03694581280788178,9.52,19.0,1000.0,0.0249809,1.0,,80.06116673138277,True,Meteo_US_Slt_1985_2020.mat,30.0,badm_values,1000.0,False,fetched vs column,True,True,True,16.0,16.0,16.0,16.0,192.0,192.0,192.0,192.0
US-TEF,True,/vol_efthymios/NFS07/dd1136/T_and_C/model_run/US-TEF/era5_land/fixed_lma/MOD_PARAM_US_TEF.m,True,1430.0,15,37.12587412587413,26.769230769230766,0.9195804195804196,15.0,27.0,900.0,0.0184142,0.0,,108.61183217299694,True,Meteo_US_TEF_1985_2020.mat,2241.0,badm_values,900.0,False,fetched vs column,False,False,False,,,,,,,,
US-UMB,True,/vol_efthymios/NFS07/dd1136/T_and_C/model_run/US-UMB/era5_land/fixed_lma/MOD_PARAM_US_UMB.m,True,1980.0,17,95.93939393939394,1.3030303030303032,0.7739898989898989,23.0,48.0,800.0,0.0200937,1.0,,99.53368468724028,True,Meteo_US_UMB_1985_2020.mat,234.0,badm_values,800.0,False,fetched vs column,False,False,False,,,,,,,,
US-UMd,True,/vol_efthymios/NFS07/dd1136/T_and_C/model_run/US-UMd/era5_land/fixed_lma/MOD_PARAM_US_UMd.m,True,1980.0,17,95.93939393939394,1.3030303030303032,0.7739898989898989,23.0,32.0,800.0,0.0200937,1.0,,99.53368468724028,True,Meteo_US_UMd_1985_2020.mat,239.0,badm_values,800.0,False,fetched vs column,True,True,True,12.0,12.0,12.0,12.0,161.0,161.0,160.0,161.0
US-Vcp,True,/vol_efthymios/NFS07/dd1136/T_and_C/model_run/US-Vcp/era5_land/fixed_lma/MOD_PARAM_US_Vcp.m,True,1700.0,16,36.01176470588236,25.41176470588235,0.5529411764705883,17.0,28.2,1700.0,0.0171696,0.0,,116.48495014444134,True,Meteo_US_Vcp_1985_2020.mat,2542.0,badm_values,1700.0,False,fetched vs column,True,True,True,12.0,12.0,12.0,12.0,165.0,165.0,165.0,165.0
US-Vcs,True,/vol_efthymios/NFS07/dd1136/T_and_C/model_run/US-Vcs/era5_land/fixed_lma/MOD_PARAM_US_Vcs.m,True,1700.0,16,66.89999999999999,10.0,0.45588235294117646,15.0,33.8,1700.0,0.0171696,0.0,,116.48495014444134,True,Meteo_US_Vcs_1985_2020.mat,2752.0,badm_values,1700.0,False,fetched vs column,False,False,False,,,,,,,,
US-WBW,True,/vol_efthymios/NFS07/dd1136/T_and_C/model_run/US-WBW/era5_land/fixed_lma/MOD_PARAM_US_WBW.m,True,1780.0,17,18.011235955056183,51.17977528089887,0.3202247191011236,25.0,38.2,1200.0,0.0190171,1.0,,105.16850623912164,True,Meteo_US_WBW_1985_2020.mat,283.0,badm_values,1200.0,False,fetched vs column,False,False,False,,,,,,,,
US-WCr,True,/vol_efthymios/NFS07/dd1136/T_and_C/model_run/US-WCr/era5_land/fixed_lma/MOD_PARAM_US_WCr.m,True,1520.0,16,62.73026315789474,9.223684210526315,0.49671052631578944,24.3,29.6,1100.0,0.0192474,1.0,,103.91013851221463,True,Meteo_US_WCr_1985_2020.mat,520.0,badm_values,1100.0,False,fetched vs column,True,True,True,16.0,,16.0,16.0,216.0,,216.0,216.0
US-Wi3,True,/vol_efthymios/NFS07/dd1136/T_and_C/model_run/US-Wi3/era5_land/fixed_lma/MOD_PARAM_US_Wi3.m,True,2030.0,18,84.44679802955666,9.374384236453203,0.2931034482758621,23.0,26.0,1000.0,0.0181128,1.0,,110.41915109756637,True,Meteo_US_Wi3_1985_2020.mat,411.0,badm_values,1000.0,False,fetched vs column,False,False,False,,,,,,,,
US-Wrc,True,/vol_efthymios/NFS07/dd1136/T_and_C/model_run/US-Wrc/era5_land/fixed_lma/MOD_PARAM_US_Wrc.m,True,2000.0,17,55.578149999999994,7.761324999999999,0.57285,60.0,67.0,1800.0,0.014114,0.0,,141.7032733456143,True,Meteo_US_Wrc_1985_2020.mat,371.0,badm_values,1800.0,False,fetched vs column,False,False,False,,,,,,,,
US-xAB,True,/vol_efthymios/NFS07/dd1136/T_and_C/model_run/US-xAB/era5_land/fixed_lma/MOD_PARAM_US_xAB.m,True,1520.0,16,15.694078947368423,21.999999999999996,2.8305921052631575,11.0,18.9,1200.0,0.01604,0.0,,124.68827930174565,True,Meteo_US_xAB_1985_2020.mat,363.0,badm_values,1200.0,False,fetched vs column,True,False,True,1.0,,1.0,1.0,22.0,16.0,22.0,22.0
US-xBL,True,/vol_efthymios/NFS07/dd1136/T_and_C/model_run/US-xBL/era5_land/fixed_lma/MOD_PARAM_US_xBL.m,True,1470.0,15,6.996598639455782,32.465986394557824,0.4880952380952381,4.0,8.55,1100.0,0.0217804,1.0,,91.82567813263302,True,Meteo_US_xBL_1985_2020.mat,183.0,badm_values,1100.0,False,fetched vs column,True,False,True,,,,,19.0,12.0,19.0,19.0
US-xBR,True,/vol_efthymios/NFS07/dd1136/T_and_C/model_run/US-xBR/era5_land/fixed_lma/MOD_PARAM_US_xBR.m,True,2000.0,17,81.279925,2.1077000000000004,0.807,19.0,35.68,1100.0,0.0264994,1.0,,75.4734069450629,True,Meteo_US_xBR_1985_2020.mat,232.0,badm_values,1100.0,False,fetched vs column,True,False,True,1.0,1.0,1.0,1.0,23.0,23.0,23.0,23.0
US-xGR,True,/vol_efthymios/NFS07/dd1136/T_and_C/model_run/US-xGR/era5_land/fixed_lma/MOD_PARAM_US_xGR.m,True,1220.0,14,60.14918032786887,11.545901639344264,2.7,29.0,45.89,1100.0,0.0236577,1.0,,84.5390718455302,True,Meteo_US_xGR_1985_2020.mat,579.0,badm_values,1100.0,False,fetched vs column,True,False,True,,,1.0,,21.0,17.0,23.0,21.0
US-xHA,True,/vol_efthymios/NFS07/dd1136/T_and_C/model_run/US-xHA/era5_land/fixed_lma/MOD_PARAM_US_xHA.m,True,1600.0,16,70.40625,3.0,1.7187500000000002,22.0,39.16,1100.0,0.02324,1.0,,86.05851979345955,True,Meteo_US_xHA_1985_2020.mat,351.0,badm_values,1100.0,False,fetched vs column,True,False,True,1.0,1.0,1.0,1.0,22.0,22.0,22.0,22.0
US-xJE,True,/vol_efthymios/NFS07/dd1136/T_and_C/model_run/US-xJE/era5_land/fixed_lma/MOD_PARAM_US_xJE.m,True,2030.0,18,78.40591133004925,12.90344827586207,0.34113300492610843,16.0,42.46,1600.0,0.0207438,0.0,,96.41435031190042,True,Meteo_US_xJE_1985_2020.mat,44.0,badm_values,1600.0,False,fetched vs column,True,False,True,1.0,1.0,1.0,1.0,21.0,16.0,21.0,21.0
US-xLE,False,/vol_efthymios/NFS07/dd1136/T_and_C/model_run/US-xLE/era5_land/fixed_lma/MOD_PARAM_US_xLE.m,True,2030.0,18,16.157635467980295,44.70443349753695,0.40270935960591125,22.0,47.13,1400.0,0.0173176,1.0,,115.4894442647942,True,Meteo_US_xLE_1985_2020.mat,20.0,badm_values,1400.0,False,fetched vs column,True,False,True,,,,,14.0,,14.0,14.0
US-xML,True,/vol_efthymios/NFS07/dd1136/T_and_C/model_run/US-xML/era5_land/fixed_lma/MOD_PARAM_US_xML.m,True,1650.0,16,53.74242424242425,13.015151515151516,1.0606060606060608,23.0,29.06,1100.0,0.0233378,1.0,,85.6978806914105,True,Meteo_US_xML_1985_2020.mat,1126.0,badm_values,1100.0,False,fetched vs column,True,False,True,2.0,1.0,2.0,2.0,24.0,20.0,24.0,24.0
US-xNW,True,/vol_efthymios/NFS07/dd1136/T_and_C/model_run/US-xNW/era5_land/fixed_lma/MOD_PARAM_US_xNW.m,True,1070.0,14,62.50467289719626,12.05607476635514,0.6542056074766356,3.0,8.46,1070.0,0.0155203,0.0,0.01,128.8634884634962,False,Meteo_US_xNW_1985_2020.mat,3513.0,badm_values,1100.0,True,fetched vs column,True,False,True,,,,,13.0,10.0,13.0,13.0
US-xRM,True,/vol_efthymios/NFS07/dd1136/T_and_C/model_run/US-xRM/era5_land/fixed_lma/MOD_PARAM_US_xRM.m,True,1500.0,15,71.92333333333333,15.966666666666669,0.33333333333333337,14.0,25.35,1100.0,0.0169621,0.0,,117.90992860553823,True,Meteo_US_xRM_1985_2020.mat,2743.0,badm_values,1100.0,False,fetched vs column,True,False,True,1.0,1.0,1.0,1.0,22.0,20.0,22.0,22.0
US-xRN,True,/vol_efthymios/NFS07/dd1136/T_and_C/model_run/US-xRN/era5_land/fixed_lma/MOD_PARAM_US_xRN.m,True,2290.0,18,11.641921397379914,57.14410480349345,0.34825327510917026,26.0,39.19,1200.0,0.0190171,1.0,,105.16850623912164,True,Meteo_US_xRN_1985_2020.mat,334.0,badm_values,1200.0,False,fetched vs column,True,False,True,2.0,1.0,2.0,2.0,24.0,12.0,24.0,24.0
US-xSC,True,/vol_efthymios/NFS07/dd1136/T_and_C/model_run/US-xSC/era5_land/fixed_lma/MOD_PARAM_US_xSC.m,True,1520.0,16,36.819736842105264,28.73684210526316,0.49671052631578944,25.0,51.88,1100.0,0.0248938,1.0,,80.34128979906643,True,Meteo_US_xSC_1985_2020.mat,361.0,badm_values,1100.0,False,fetched vs column,True,False,True,,,,,17.0,4.0,17.0,17.0
US-xSE,True,/vol_efthymios/NFS07/dd1136/T_and_C/model_run/US-xSE/era5_land/fixed_lma/MOD_PARAM_US_xSE.m,True,1830.0,17,68.98251366120218,18.94918032786885,0.26617486338797813,24.0,61.61,1100.0,0.0255005,1.0,,78.42983470912336,True,Meteo_US_xSE_1985_2020.mat,15.0,badm_values,1100.0,False,fetched vs column,True,False,True,1.0,1.0,1.0,1.0,19.0,19.0,19.0,19.0
US-xSP,False,/vol_efthymios/NFS07/dd1136/T_and_C/model_run/US-xSP/era5_land/fixed_lma/MOD_PARAM_US_xSP.m,True,1680.0,16,57.54285714285714,27.053571428571427,0.96875,7.0,52.49,1680.0,0.015014,0.0,0.01,133.20900492873318,False,Meteo_US_xSP_1985_2020.mat,1160.0,badm_values,2500.0,True,fetched vs column,True,False,True,2.0,,2.0,2.0,24.0,,24.0,24.0
US-xST,True,/vol_efthymios/NFS07/dd1136/T_and_C/model_run/US-xST/era5_land/fixed_lma/MOD_PARAM_US_xST.m,True,2410.0,18,67.08921161825727,9.6701244813278,0.6078838174273858,21.0,22.36,1100.0,0.0196259,1.0,,101.9061546222084,True,Meteo_US_xST_1985_2020.mat,481.0,badm_values,1100.0,False,fetched vs column,True,False,True,2.0,2.0,2.0,2.0,24.0,24.0,24.0,24.0
US-xTA,True,/vol_efthymios/NFS07/dd1136/T_and_C/model_run/US-xTA/era5_land/fixed_lma/MOD_PARAM_US_xTA.m,True,2030.0,18,25.54187192118227,44.285714285714285,0.28078817733990147,18.0,35.7,1200.0,0.0151405,0.0,,132.09603381658465,True,Meteo_US_xTA_1985_2020.mat,135.0,badm_values,1200.0,False,fetched vs column,True,False,True,2.0,2.0,2.0,2.0,24.0,24.0,24.0,24.0
US-xTE,True,/vol_efthymios/NFS07/dd1136/T_and_C/model_run/US-xTE/era5_land/fixed_lma/MOD_PARAM_US_xTE.m,True,1520.0,16,77.8157894736842,3.5263157894736845,0.7302631578947368,18.0,59.22,1520.0,0.0133703,0.0,0.01,149.58527482554618,False,Meteo_US_xTE_1985_2020.mat,2147.0,badm_values,2500.0,True,fetched vs column,True,False,True,2.0,,2.0,2.0,24.0,,24.0,24.0
US-xTR,True,/vol_efthymios/NFS07/dd1136/T_and_C/model_run/US-xTR/era5_land/fixed_lma/MOD_PARAM_US_xTR.m,True,2290.0,18,67.01615720524018,9.827510917030569,0.6430131004366813,21.0,35.97,1100.0,0.0196259,1.0,,101.9061546222084,True,Meteo_US_xTR_1985_2020.mat,472.0,badm_values,1100.0,False,fetched vs column,True,False,True,2.0,2.0,2.0,2.0,24.0,24.0,24.0,24.0
US-xUK,True,/vol_efthymios/NFS07/dd1136/T_and_C/model_run/US-xUK/era5_land/fixed_lma/MOD_PARAM_US_xUK.m,True,870.0,13,4.540229885057472,44.770114942528735,1.3310344827586207,18.0,35.77,870.0,0.016932,1.0,0.01,118.11953697141507,False,Meteo_US_xUK_1985_2020.mat,335.0,badm_values,1100.0,True,fetched vs column,True,False,True,1.0,1.0,1.0,1.0,13.0,12.0,13.0,13.0
US-xWR,True,/vol_efthymios/NFS07/dd1136/T_and_C/model_run/US-xWR/era5_land/fixed_lma/MOD_PARAM_US_xWR.m,True,2000.0,17,55.578149999999994,7.761324999999999,0.57285,33.0,74.18,1800.0,0.014114,0.0,,141.7032733456143,True,Meteo_US_xWR_1985_2020.mat,407.0,badm_values,1800.0,False,fetched vs column,True,False,True,2.0,2.0,2.0,2.0,24.0,24.0,24.0,24.0
US-xYE,False,/vol_efthymios/NFS07/dd1136/T_and_C/model_run/US-xYE/era5_land/fixed_lma/MOD_PARAM_US_xYE.m,True,1500.0,15,51.33333333333333,24.933333333333334,1.35,10.0,18.43,1200.0,0.0167536,0.0,,119.37732785789322,True,Meteo_US_xYE_1985_2020.mat,2116.0,badm_values,1200.0,False,fetched vs column,True,False,True,1.0,1.0,1.0,1.0,19.0,15.0,19.0,19.0
